{
    "last_rebalance_time": "2026-03-24T01:21:13.814867",
    "weights": {
        "PriceVolume1": 0.07692307692307693,
        "PriceVolume2": 0.07692307692307693,
        "PriceVolume3": 0.07692307692307693,
        "PriceVolume4": 0.07692307692307693,
        "PriceVolume5": 0.07692307692307693,
        "PriceVolume6": 0.07692307692307693,
        "PriceVolume7": 0.07692307692307693,
        "PriceVolume8": 0.07692307692307693,
        "PriceVolume9": 0.07692307692307693,
        "SentimentStrategyV3": 0.07692307692307693,
        "SentimentStrategyV2": 0.07692307692307693,
        "PriceVolume10": 0.07692307692307693,
        "QQQ_price": 0.07692307692307693
    }
}